"Nokia 110 (2019) Dual SIM 32 MB negro 32 MB RAM7490 pesos$7.490Envío gratis20Promocionado","data:image/gif;base64,R0lGODlhAQABAIAAAAAAAP///yH5BAEAAAAALAAAAAABAAEAAAIBRAA7"
"MÁS VENDIDONokia 106 (2018) 4 MB gris oscuro 4 MB RAM6790 pesos$6.790Llega gratis hoy617","data:image/gif;base64,R0lGODlhAQABAIAAAAAAAP///yH5BAEAAAAALAAAAAABAAEAAAIBRAA7"
"Nokia 105 (2017) 4 MB black 4 MB RAM7499 pesos$7.499Llega gratis hoy21","data:image/gif;base64,R0lGODlhAQABAIAAAAAAAP///yH5BAEAAAAALAAAAAABAAEAAAIBRAA7"
"Nokia 106 (2018) Dual SIM 4 MB gris oscuro 4 MB RAM6990 pesos$6.990Envío gratis43","data:image/gif;base64,R0lGODlhAQABAIAAAAAAAP///yH5BAEAAAAALAAAAAABAAEAAAIBRAA7"
"Celular Nokia 105 (2021) Mejor Al 106 Incluye Cargador Gtia.6890 pesos$6.890Envío gratis","data:image/gif;base64,R0lGODlhAQABAIAAAAAAAP///yH5BAEAAAAALAAAAAABAAEAAAIBRAA7"
"Celular Nokia 6300/3g - Facebook-google-mail-camara C/flash9990 pesos$9.990Llega gratis hoy","data:image/gif;base64,R0lGODlhAQABAIAAAAAAAP///yH5BAEAAAAALAAAAAABAAEAAAIBRAA7"
"Nokia 110 (2019) Dual SIM 32 MB negro 32 MB RAM7490 pesos$7.490Envío gratis20","data:image/gif;base64,R0lGODlhAQABAIAAAAAAAP///yH5BAEAAAAALAAAAAABAAEAAAIBRAA7"
"Nokia 6300 Con Tecla Kaios !! Oferta Imperdible¡¡11450 pesos$11.450Envío gratis","data:image/gif;base64,R0lGODlhAQABAIAAAAAAAP///yH5BAEAAAAALAAAAAABAAEAAAIBRAA7"
"Celular Nokia Asha 503 Solo Para Llamadas Y Sms4999 pesos$4.999Llega gratis hoy","data:image/gif;base64,R0lGODlhAQABAIAAAAAAAP///yH5BAEAAAAALAAAAAABAAEAAAIBRAA7"
"Celular Nokia 6300/3g- Facebook-google-mail-cuotas S/interes12190 pesos$12.190Hasta 9 cuotas sin interésLlega gratis hoy","data:image/gif;base64,R0lGODlhAQABAIAAAAAAAP///yH5BAEAAAAALAAAAAABAAEAAAIBRAA7"
"Nokia 110 (2019) Dual Sim 4 Mb Negro 4 Mb Ram7599 pesos$7.599Llega gratis hoy","data:image/gif;base64,R0lGODlhAQABAIAAAAAAAP///yH5BAEAAAAALAAAAAABAAEAAAIBRAA7"
"Celular Nokia 105 (2021) Mejor Q 106 Incluye Cargador Cuotas7990 pesos$7.990Hasta 9 cuotas sin interésEnvío gratis","data:image/gif;base64,R0lGODlhAQABAIAAAAAAAP///yH5BAEAAAAALAAAAAABAAEAAAIBRAA7"
"Celular Nokia 106 , Radio, Linterna, Oferta !!!6990 pesos$6.990Envío gratis","data:image/gif;base64,R0lGODlhAQABAIAAAAAAAP///yH5BAEAAAAALAAAAAABAAEAAAIBRAA7"
"Celular Nokia 106 Libre Adultos Mayores - Factura A / B 14000 pesos$14.000Llega gratis hoy","data:image/gif;base64,R0lGODlhAQABAIAAAAAAAP///yH5BAEAAAAALAAAAAABAAEAAAIBRAA7"
"Celular Nokia Lumia 520 Nuevo Solo P/llamadas Y Sms Libre!5999 pesos$5.999Llega gratis hoy","data:image/gif;base64,R0lGODlhAQABAIAAAAAAAP///yH5BAEAAAAALAAAAAABAAEAAAIBRAA7"
"Celular Nokia 110 Libre Adultos Mayores - Factura A / B 16000 pesos$16.000Llega gratis hoy","data:image/gif;base64,R0lGODlhAQABAIAAAAAAAP///yH5BAEAAAAALAAAAAABAAEAAAIBRAA7"
"Celular Nokia 106 Super Rebaja Segun Medio De Pa Go6780 pesos$6.780Envío gratis","data:image/gif;base64,R0lGODlhAQABAIAAAAAAAP///yH5BAEAAAAALAAAAAABAAEAAAIBRAA7"
"Nokia 106 (2018) 4 Mb-cuotas Sin Interes-nuevo Caja Sellada6990 pesos$6.990Envío gratis","data:image/gif;base64,R0lGODlhAQABAIAAAAAAAP///yH5BAEAAAAALAAAAAABAAEAAAIBRAA7"
"Celular Adultos 2g Doble Camara 32mb 1000mah Slot 1.8 Energ5700 pesos$5.700Envío gratis","data:image/gif;base64,R0lGODlhAQABAIAAAAAAAP///yH5BAEAAAAALAAAAAABAAEAAAIBRAA7"
"Nokia 106 (2018) 4 Mb Gris Oscuro 4 Mb Ram Caja Sellada6998 pesos$6.998Llega gratis hoy","data:image/gif;base64,R0lGODlhAQABAIAAAAAAAP///yH5BAEAAAAALAAAAAABAAEAAAIBRAA7"
"Celular Nokia 500 Nuevo Para Personal Solo Llamadas Y Sms4999 pesos$4.999Llega gratis hoy","data:image/gif;base64,R0lGODlhAQABAIAAAAAAAP///yH5BAEAAAAALAAAAAABAAEAAAIBRAA7"
"Celular Nokia 6300 !!super Oferta!!13450 pesos$13.450Hasta 9 cuotas sin interésEnvío gratis","data:image/gif;base64,R0lGODlhAQABAIAAAAAAAP///yH5BAEAAAAALAAAAAABAAEAAAIBRAA7"
"Celular Nokia Asha 306 - Libre - Solo Para Llamadas Y Sms!4999 pesos$4.999Llega gratis hoy","data:image/gif;base64,R0lGODlhAQABAIAAAAAAAP///yH5BAEAAAAALAAAAAABAAEAAAIBRAA7"
"Celular Nokia 110 Dual Sim Radio Fm Teclas Camara Oferta8100 pesos$8.100Envío gratis","data:image/gif;base64,R0lGODlhAQABAIAAAAAAAP///yH5BAEAAAAALAAAAAABAAEAAAIBRAA7"
"Celular Nokia N9 Unico! Nuevo De Colección! - No Whatsapp 19999 pesos$19.999Llega gratis hoy","data:image/gif;base64,R0lGODlhAQABAIAAAAAAAP///yH5BAEAAAAALAAAAAABAAEAAAIBRAA7"
"Nokia 110 (2019)-camara-radio-mp3-alarma-cuotas Sin Interes8990 pesos$8.990Hasta 9 cuotas sin interésEnvío gratis","data:image/gif;base64,R0lGODlhAQABAIAAAAAAAP///yH5BAEAAAAALAAAAAABAAEAAAIBRAA7"
"Celular Nokia 106 , Radio, Linterna, Oferta !!! 8150 pesos$8.150Hasta 9 cuotas sin interésEnvío gratis","data:image/gif;base64,R0lGODlhAQABAIAAAAAAAP///yH5BAEAAAAALAAAAAABAAEAAAIBRAA7"
"Celular Nokia 210 3g Con Teclado Camara Web Nuevo!7999 pesos$7.999Envío gratis","data:image/gif;base64,R0lGODlhAQABAIAAAAAAAP///yH5BAEAAAAALAAAAAABAAEAAAIBRAA7"
"Celular Nokia 105-2021-mejor Que Nokia 106-incluye Cargador6790 pesos$6.790Envío gratis","data:image/gif;base64,R0lGODlhAQABAIAAAAAAAP///yH5BAEAAAAALAAAAAABAAEAAAIBRAA7"
"Celular Basico Empresa Personal O Claro7999 pesos$7.999Envío gratisReacondicionado","data:image/gif;base64,R0lGODlhAQABAIAAAAAAAP///yH5BAEAAAAALAAAAAABAAEAAAIBRAA7"
"Celular Nokia Lumia 530 O Lumia 535 Personal!!! Impecables4900 pesos$4.900Envío gratisReacondicionado","data:image/gif;base64,R0lGODlhAQABAIAAAAAAAP///yH5BAEAAAAALAAAAAABAAEAAAIBRAA7"
"Celular Nokia Lumia 925 En Perfecto Estado No Lee Chip 4500 pesos$4.500Hasta 9 cuotas sin interésEnvío gratisReacondicionado","data:image/gif;base64,R0lGODlhAQABAIAAAAAAAP///yH5BAEAAAAALAAAAAABAAEAAAIBRAA7"
"Celular Nokia 6300/3g - Facebook-gmail-google-camara C/flash8990 pesos$8.990Envío gratis","data:image/gif;base64,R0lGODlhAQABAIAAAAAAAP///yH5BAEAAAAALAAAAAABAAEAAAIBRAA7"
"Nokia 1 Plus20000 pesos$20.000Envío gratis","data:image/gif;base64,R0lGODlhAQABAIAAAAAAAP///yH5BAEAAAAALAAAAAABAAEAAAIBRAA7"
"Celular Lumia 720 Solo Para Repuestos3000 pesos$3.000Reacondicionado","data:image/gif;base64,R0lGODlhAQABAIAAAAAAAP///yH5BAEAAAAALAAAAAABAAEAAAIBRAA7"
"Nokia 5.1 Plus 32gb Android One 1 Sim Envio Gratis Al Pais38500 pesos$38.500Envío gratis","data:image/gif;base64,R0lGODlhAQABAIAAAAAAAP///yH5BAEAAAAALAAAAAABAAEAAAIBRAA7"
"Nokia 106 (2018) 4 Mb Gris Oscuro 4 Mb Ram- Incluye Cargador6790 pesos$6.790Envío gratis","data:image/gif;base64,R0lGODlhAQABAIAAAAAAAP///yH5BAEAAAAALAAAAAABAAEAAAIBRAA7"
"Nokia 110 2020-cámara-radio-mp3-linterna-mejor Al Nokia 1067490 pesos$7.490Envío gratis","data:image/gif;base64,R0lGODlhAQABAIAAAAAAAP///yH5BAEAAAAALAAAAAABAAEAAAIBRAA7"
"Celular Nokia 110 Dual Sim Radio Fm Teclas Camara Oferta9600 pesos$9.600Hasta 9 cuotas sin interésEnvío gratis","data:image/gif;base64,R0lGODlhAQABAIAAAAAAAP///yH5BAEAAAAALAAAAAABAAEAAAIBRAA7"
"Nokia 1100 Liberado Reacondicionado Con Garantia9499 pesos$9.499Envío gratisReacondicionado","data:image/gif;base64,R0lGODlhAQABAIAAAAAAAP///yH5BAEAAAAALAAAAAABAAEAAAIBRAA7"
"Celular Nokia 105-2021-mejor Que Nokia 106 -cuotas S/interes7990 pesos$7.990Hasta 9 cuotas sin interésEnvío gratis","data:image/gif;base64,R0lGODlhAQABAIAAAAAAAP///yH5BAEAAAAALAAAAAABAAEAAAIBRAA7"
"Celular Nokia 6300/3g - Facebook-gmail-google-cuotas S/int.10990 pesos$10.990Hasta 9 cuotas sin interésEnvío gratis","data:image/gif;base64,R0lGODlhAQABAIAAAAAAAP///yH5BAEAAAAALAAAAAABAAEAAAIBRAA7"
"Nokia 106 - Negro - Liberado Con Cargador-cuotas Sin Interes7990 pesos$7.990Hasta 9 cuotas sin interésEnvío gratis","data:image/gif;base64,R0lGODlhAQABAIAAAAAAAP///yH5BAEAAAAALAAAAAABAAEAAAIBRAA7"
"Nokia 110 Modelo 2020-camara-mp3-radio-incluye Cargador-gtia7490 pesos$7.490Envío gratis","data:image/gif;base64,R0lGODlhAQABAIAAAAAAAP///yH5BAEAAAAALAAAAAABAAEAAAIBRAA7"
"Nokia Basico Empresa Personal Con Garantia5499 pesos$5.499Envío gratisReacondicionado","data:image/gif;base64,R0lGODlhAQABAIAAAAAAAP///yH5BAEAAAAALAAAAAABAAEAAAIBRAA7"
"Celular Nokia 110 Dual Sim Radio Fm Cámara Mp36900 pesos$6.900Envío gratis","data:image/gif;base64,R0lGODlhAQABAIAAAAAAAP///yH5BAEAAAAALAAAAAABAAEAAAIBRAA7"
"Nokia 110 Modelo 2020-camara-radio-mp3-cuotas S/interes8990 pesos$8.990Hasta 9 cuotas sin interésEnvío gratis","data:image/gif;base64,R0lGODlhAQABAIAAAAAAAP///yH5BAEAAAAALAAAAAABAAEAAAIBRAA7"
"Nokia 106 (2018) 4 Mb Gris Oscuro 4 Mb Ram- Cuotas S/interes7990 pesos$7.990Hasta 9 cuotas sin interésEnvío gratis","data:image/gif;base64,R0lGODlhAQABAIAAAAAAAP///yH5BAEAAAAALAAAAAABAAEAAAIBRAA7"
"Celular Nokia 1100123412 pesos$123.412Envío gratis","data:image/gif;base64,R0lGODlhAQABAIAAAAAAAP///yH5BAEAAAAALAAAAAABAAEAAAIBRAA7"
"Nokia 106-linterna-radio-incluye Cargador-9 Cuotas S/interes7990 pesos$7.990Hasta 9 cuotas sin interésEnvío gratis","data:image/gif;base64,R0lGODlhAQABAIAAAAAAAP///yH5BAEAAAAALAAAAAABAAEAAAIBRAA7"
"Nokia 106 (2018) 4 Mb Gris Oscuro 4 Mb Ram Teclas Basico9990 pesos$9.990Hasta 9 cuotas sin interésEnvío gratis","data:image/gif;base64,R0lGODlhAQABAIAAAAAAAP///yH5BAEAAAAALAAAAAABAAEAAAIBRAA7"
